{
  "epsilon": 0.5,
  "discount": 0.1,
  "learningRate": 0.01,
  "weights": {
    "alphaBeta": -1.6194468995051525,
    "totalPiecesBalance": 7.676481054610268,
    "amountBishopsO": -3.8489493687963168,
    "amountBishopsS": 7.392875324051127,
    "amountKnightsO": -5.275792141740895,
    "amountKnightsS": 7.700956248188577,
    "amountPawnsO": -0.032797725617802295,
    "amountPawnsS": -0.5405481795480714,
    "amountQueensO": -2.596913917040783,
    "amountQueensS": 4.050466389577338,
    "amountRooksO": -6.925818782246178,
    "amountRooksS": 8.274442605408147,
    "totalPiecesAmount": 0.5969537800074548,
    "bishopsAttacked": 0.3177475426472247,
    "centerControlO": 1.2351703452863654,
    "centerControlS": -0.7777950016170365,
    "connectedRooksHorizontalS": 0.0,
    "connectedRooksVerticalS": 0.0,
    "connectivityO": -6.522536421107695,
    "connectivityS": 7.300202817402897,
    "distanceToCenterKingO": -0.5521329037259413,
    "distanceToCenterKingS": -1.8384217902284645,
    "isCastling": 0.1549314914001214,
    "isolationPawnO": -4.16013485508102,
    "isolationPawnS": -4.16013485508102,
    "kingAttacked": -1.3189973928157266,
    "knightForkS": -0.008142930540069138,
    "knightsAttacked": 0.5231995581918031,
    "lightOnFirstRankS": 4.389446163422418,
    "mobilityBishopO": -2.409415795338863,
    "mobilityBishopS": 0.8093786726003349,
    "mobilityKingO": -2.950949980488554,
    "mobilityKingS": 0.27558208410393537,
    "mobilityKnightO": -3.756894016821859,
    "mobilityKnightS": 1.6910750592315964,
    "mobilityQueenO": -4.43844002347135,
    "mobilityQueenS": 0.570380327498089,
    "pawnForkS": -0.02527695229726172,
    "provokersO": -0.8109273591211174,
    "provokersS": 0.7596837037062815,
    "queensAttacked": 0.10131314524794825,
    "rooksAttacked": -0.10358867367326204,
    "Rooks7thO": -0.6101532023848707,
    "Rooks7thS": -0.1395329275492361
  }
}