{"epsilon": 0.5, "discount": 0.7, "learningRate": 0.01, "weights": {"totalPiecesBalance": -3.4495156284696806, "amountBishopsO": 0.18339272729392436, "amountBishopsS": 0.027728658553450747, "amountKnightsO": 0.1741859087440671, "amountKnightsS": -0.1742598009690206, "amountPawnsO": -0.15818642399307037, "amountPawnsS": 0.19094095746338544, "amountQueensO": -0.013071286669652127, "amountQueensS": 0.1656015968947247, "amountRooksO": 0.7423920548438554, "amountRooksS": -0.7082480500482393, "totalPiecesAmount": 0.07389389427403822, "centerPossesionS": 0.15345411861277658, "connectivityO": 0.2443502805867312, "connectivityS": -0.20178030129222546, "distanceToCenterKingO": 0.17360826960303796, "distanceToCenterKingS": -0.1757445424437516, "horizontalConnectedRooksS": 0.0, "isolationS": -0.19154709790219965, "kingAttacked": -0.690219944192449, "knightForkS": 0.007423425740086791, "lightOnFirstRankS": -0.03464207596184029, "mobilityBischop": 0.0, "mobilityKing": 0.0, "mobilityKnight": 0.0, "mobilityQueenS": 0.0, "pawnForkS": 0.0007853013843764242, "provokersO": 0.022737025374758024, "provokersS": 0.02948961363271499, "Rooks7thO": 0.9308985665761942, "Rooks7thS": -0.5220849804842622, "verticalConnectedRooksS": 0.0}}