{"epsilon": 0.2, "discount": 0.4, "learningRate": 0.01, "maxDepth": 10, "weights": {"totalPiecesBalance": -0.16555979324310033, "amountBishopsO": -15.199673274238823, "amountBishopsS": 8.249891187627364, "amountKnightsO": -15.338494344906918, "amountKnightsS": 3.0966801859828297, "amountPawnsO": -19.91359323968685, "amountPawnsS": 23.596691854665856, "amountQueensO": -69.17729459340661, "amountQueensS": 57.801166725595074, "amountRooksO": -27.70310165915633, "amountRooksS": 26.508657982117036, "totalPiecesAmount": -6.326112122648262, "attackedBishopsO": 2.28326699774928, "attackedBishopsS": -5.649714065609118, "attackedKnightO": 1.4991011783168247, "attackedKnightS": -1.7262359023635063, "attackedQueensO": -0.8025325062394965, "attackedQueensS": -18.340728557419844, "attackedRooksO": 2.2799502696651643, "attackedRooksS": -10.450498074171476, "boardControl": 9.177082158206288, "centerControlO": -0.9522654979259538, "centerControlS": 3.800647024576125, "connectedRooksHorizontalO": 1.5186931686705027, "connectedRooksHorizontalS": -0.500780616552383, "connectedRooksVerticalO": 0.5145710897674379, "connectedRooksVerticalS": 0.5735721867828414, "connectivityO": -5.190830948229914, "connectivityS": 21.60750172901296, "distanceToCenterKingS": 2.6536098271200848, "doubledPawnsO": 0.049726213580554506, "doubledPawnsS": -1.147899629179705, "forkKnightO": 0.40297668498742206, "forkKnightS": 4.598319568889299, "forkPawnO": -0.17693213004896463, "forkPawnS": 0.06008564933866979, "isCastling": 3.6194195448085726, "isolationPawnO": 1.569386649563286, "isolationPawnS": 3.3630744714945973, "kingAttacked": 0.11291003831916781, "lightOnFirstRankO": -0.29653980963265897, "lightOnFirstRankS": 2.9437314158268695, "mobilityBishopO": 0.6770651393876709, "mobilityBishopS": 2.6462694341734303, "mobilityKingO": -0.6428514553977527, "mobilityKingS": -10.047222244748141, "mobilityKnightO": -3.896769607606695, "mobilityKnightS": 4.082034823834249, "mobilityQueenO": 1.7782131093914266, "mobilityQueenS": -1.0277071028325195, "positionScoreBalance": -0.26059166681776136, "provokersO": -9.355414672289658, "provokersS": -1.4439705153250204, "Rooks7thO": -0.05451206031433495, "Rooks7thS": -1.6448183613116132, "alphaBeta": 0.30335511493781486}}