{"epsilon": 0.0, "discount": 0.0, "learningRate": 0.01, "weights": {"alphaBeta": -1.7714335394173097, "totalPiecesBalance": 7.707686967571937, "amountBishopsO": -3.9376291609803267, "amountBishopsS": 7.279744813338813, "amountKnightsO": -5.364471933924903, "amountKnightsS": 7.5659877364094115, "amountPawnsO": -0.2655111322144258, "amountPawnsS": -0.8102774056992638, "amountQueensO": -2.9198224763025094, "amountQueensS": 4.009236977994123, "amountRooksO": -7.014498574430186, "amountRooksS": 8.112812403904055, "totalPiecesAmount": 0.3641463651592702, "bishopsAttacked": 0.3177475426472247, "centerControlO": 1.2351703452863654, "centerControlS": -0.951016575048714, "connectedRooksHorizontalS": 0.0, "connectedRooksVerticalS": 0.0, "connectivityO": -6.8067615602952785, "connectivityS": 7.046475692493149, "distanceToCenterKingO": -0.510247641191292, "distanceToCenterKingS": -1.852369208440109, "isCastling": 0.1549314914001214, "isolationPawnO": -3.9296165778301444, "isolationPawnS": -3.9296165778301444, "kingAttacked": -1.3186431385340334, "knightForkS": -0.008142930540069138, "knightsAttacked": 0.5231995581918031, "lightOnFirstRankS": 4.281252581732401, "mobilityBishopO": -2.012031505730051, "mobilityBishopS": 0.8093786726003349, "mobilityKingO": -2.7335918834273545, "mobilityKingS": 0.2726362115578853, "mobilityKnightO": -3.67178616019179, "mobilityKnightS": 1.6795134050844505, "mobilityQueenO": -4.930134633715349, "mobilityQueenS": 0.5672439064487484, "pawnForkS": -0.02527695229726172, "provokersO": -0.8944632443034717, "provokersS": 0.819957476097593, "queensAttacked": 0.10131314524794825, "rooksAttacked": -0.10358867367326204, "Rooks7thO": -0.6101532023848707, "Rooks7thS": -0.1395329275492361}}