{
    "epsilon": 0.3,
    "discount": 0.6,
    "learningRate": 0.01,
    "maxDepth": 10,
    "episode": 36,
    "weights": {
        "totalPiecesBalance": 9.662778719161892,
        "amountBishopsO": -4.0165698513014805,
        "amountBishopsS": 0.2438913394310652,
        "amountKnightsO": -0.2484446493479682,
        "amountKnightsS": 1.1089354010774397,
        "amountPawnsO": 0.7819228523992561,
        "amountPawnsS": 2.7511393631544507,
        "amountQueensO": -2.7419826465569326,
        "amountQueensS": 1.444191532601803,
        "amountRooksO": -5.041108436767474,
        "amountRooksS": 1.5906990849928284,
        "totalPiecesAmount": -1.0809238468987654,
        "attackedBishopsO": 0.0,
        "attackedBishopsS": -0.21747686718057835,
        "attackedKnightO": -0.010764756655526554,
        "attackedKnightS": -0.22747207083234042,
        "attackedQueensO": -0.30839523151427456,
        "attackedQueensS": -0.4738067701641764,
        "attackedRooksO": 0.964550666167608,
        "attackedRooksS": 0.2589834656637321,
        "boardControl": 3.547226963339477,
        "centerControlO": 0.16971069393750932,
        "centerControlS": 0.5802227438968727,
        "connectedRooksHorizontalO": -0.8559728654838551,
        "connectedRooksHorizontalS": -0.09081796295447792,
        "connectedRooksVerticalO": -0.008712170270807734,
        "connectedRooksVerticalS": 0.06350506248486491,
        "connectivityO": -2.9141142885361457,
        "connectivityS": 1.0111811510225726,
        "distanceToCenterKingS": 0.5681586392943337,
        "doubledPawnsO": 2.489694127859383,
        "doubledPawnsS": 5.101834319774875,
        "forkKnightO": -0.01264231748219673,
        "forkKnightS": -0.19489565892344562,
        "forkPawnO": -0.01606964839461733,
        "forkPawnS": 0.0,
        "isCastling": 0.027543070813704235,
        "isolationPawnO": -1.4429766440577931,
        "isolationPawnS": -1.9625475519196842,
        "kingAttacked": -0.425255083478186,
        "lightOnFirstRankO": -0.6914282176115664,
        "lightOnFirstRankS": 0.07031719504413968,
        "mobilityBishopO": -2.071032959638338,
        "mobilityBishopS": 0.07865520116706293,
        "mobilityKingO": -3.363947767721931,
        "mobilityKingS": -1.2849806898041132,
        "mobilityKnightO": -1.0311980268377134,
        "mobilityKnightS": 1.5294412116757956,
        "mobilityQueenO": -4.11511395808774,
        "mobilityQueenS": 2.5734108049722164,
        "positionScoreBalanceO": -0.9596428682314513,
        "positionScoreBalanceS": 1.3369534501236762,
        "provokersO": -1.0694504896406285,
        "provokersS": 0.04250770176487413,
        "Rooks7thO": -0.28440736079690243,
        "Rooks7thS": 1.0527515148085305,
        "alphaBeta": 1.8962106707301445
    }
}
