{"epsilon": 0.3, "discount": 0.6, "learningRate": 0.01, "maxDepth": 10, "weights": {"totalPiecesBalance": 12.16381267135231, "amountBishopsO": -9.751242474404945, "amountBishopsS": 2.2365182869415676, "amountKnightsO": -1.47688694347718, "amountKnightsS": 4.213990186679606, "amountPawnsO": 0.6183396116274283, "amountPawnsS": 8.427348588150409, "amountQueensO": -3.5677754464766105, "amountQueensS": 3.9876645620279967, "amountRooksO": -17.053051765589945, "amountRooksS": 6.507498069013138, "totalPiecesAmount": -1.6107174736929546, "attackedBishopsO": -0.03546075789385355, "attackedBishopsS": 0.0760789811258781, "attackedKnightO": 0.058438203412104935, "attackedKnightS": -0.40904274517953887, "attackedQueensO": 0.6353114159244634, "attackedQueensS": -2.5330320338856227, "attackedRooksO": 0.14011245155731827, "attackedRooksS": -1.0694121725341739, "boardControl": 9.510212552499535, "centerControlO": -0.8842388180203522, "centerControlS": 0.9544870581258373, "connectedRooksHorizontalO": -7.160276915079955, "connectedRooksHorizontalS": 1.3137616971663486, "connectedRooksVerticalO": -0.6154067420097986, "connectedRooksVerticalS": 0.08940197002808979, "connectivityO": -6.973784698105607, "connectivityS": 5.391634465640334, "distanceToCenterKingS": -0.12283444222276488, "doubledPawnsO": -2.091427973979718, "doubledPawnsS": 3.0394362586028225, "forkKnightO": -0.057716657821343595, "forkKnightS": -0.06287717322578898, "forkPawnO": -0.011765253650967339, "forkPawnS": 0.006401147984157661, "isCastling": 0.8128701411118086, "isolationPawnO": -2.533463121847941, "isolationPawnS": -6.496035217043946, "kingAttacked": -0.4969829912082246, "lightOnFirstRankO": -3.1189704083411764, "lightOnFirstRankS": 1.4012199343608736, "mobilityBishopO": -2.951248620643922, "mobilityBishopS": -0.13699383737522644, "mobilityKingO": -4.248304396613167, "mobilityKingS": -6.246668401342027, "mobilityKnightO": -3.4820590926659087, "mobilityKnightS": 4.735880165441078, "mobilityQueenO": -6.733476671991537, "mobilityQueenS": 6.696102095168616, "positionScoreBalanceO": 0.25541603184680844, "positionScoreBalanceS": 0.0746679601042096, "provokersO": -1.8144250466411715, "provokersS": 0.46077754403842314, "Rooks7thO": 3.6906955176547505, "Rooks7thS": 0.7143848196565783, "alphaBeta": 5.442667225102393}}